id_etudiant_gh,display_name
jasknky,James LANGERON
playade,Thouraya SELMI
deviberges,Dévi BERGES
alizeem,Alizée MUNIKIHAAFATA
raimanu,Raimanu PAIN
raphb3383,Raphaël BORDAIS
JulianMalaval,Julian MALAVAL
cassandra03,Cassandra LAMATAKI
josegoue993,José GOUE
Tinanak,Tina NAK
Nathoune27,Nathan NICOLE
galinclementine,Clémentine GALIN
